account_id,customer_id,primary_holder_customer_id,joint_holder_1_customer_id,joint_holder_2_customer_id,cif_number,account_number,iban,bban,sort_code,routing_number,swift_bic,ledger_account_number,product_code,product_name,product_family,account_type,account_subtype,account_currency,account_open_date,account_activation_date,account_close_date,account_status,status_reason,closure_reason,dormant_flag,freeze_flag,lien_flag,overdraft_allowed_flag,overdraft_limit,available_balance,current_balance,ledger_balance,cleared_balance,hold_balance,pending_debit_amount,pending_credit_amount,accrued_interest,interest_rate,interest_rate_type,interest_calculation_method,interest_payment_frequency,minimum_balance_requirement,average_monthly_balance,last_statement_date,next_statement_date,statement_cycle,branch_code,branch_name,home_country,tax_reporting_country,channel_opened,source_system,rm_id,rm_name,account_purpose,salary_account_flag,payroll_customer_flag,senior_citizen_flag,student_account_flag,business_account_flag,trust_account_flag,escrow_account_flag,collateral_account_flag,kyc_status,aml_risk_rating,sanctions_screening_status,fatca_flag,crs_flag,account_nickname,card_linked_flag,debit_card_count,credit_card_linked_flag,cheque_book_flag,cheque_book_issued_count,passbook_flag,e_statement_flag,sms_alert_flag,email_alert_flag,mobile_banking_flag,internet_banking_flag,sweep_in_flag,sweep_out_flag,sweep_target_account_id,linked_loan_account_id,linked_fd_account_id,lien_amount,lien_reason,nominee_name,nominee_relationship,nominee_date_of_birth,beneficiary_count,last_debit_txn_date,last_credit_txn_date,last_txn_date,month_to_date_debit_count,month_to_date_credit_count,month_to_date_debit_amount,month_to_date_credit_amount,year_to_date_fees,last_fee_applied_date,pricing_plan_code,pricing_plan_name,record_created_ts,record_updated_ts,batch_id,load_date,source_file_name,record_hash,row_quality_status,duplicate_suspect_flag,migrated_from_system,migration_date
ACC200001,CUST100001,CUST100001,CUST100002,,CIF500001,710394101616,IN91BANK710394101616,710394101616,89-38-76,508427798,EXBKINBB001,GL100000,SAV001,Savings Plus,Deposits,SAVINGS,RETAIL_SAVINGS,INR,2014-04-18,2014-04-19,,ACTIVE,,,N,N,N,N,0,18822.22,18822.22,18822.22,18822.22,0.0,0.0,0.0,47.06,2.75,FIXED,DAILY_PRODUCT,MONTHLY,1000,19422.56,2026-03-14,2026-04-13,MONTHLY,001,Mumbai Main,India,India,BRANCH,DEPOSIT_SYSTEM,RM1001,Anita Rao,Personal banking,N,N,Y,N,N,N,N,N,COMPLETED,LOW,CLEAR,N,N,Savings Aarav,Y,2,N,Y,1,Y,Y,Y,Y,Y,Y,N,N,,LN50000,FD70000,0,,Sneha Kapoor,FATHER,1975-06-09,1,2026-03-23,2026-03-23,2026-03-23,3,1,5209.69,7841.56,413.85,2026-03-22,PP100,Standard,2024-03-01 10:00:00,2026-03-10 16:30:00,BATCH_20260324_001,2026-03-24,account_raw_20260324_part01.csv,4d1cc41d6f6e60b3250981189d237615af9b012e,VALID,N,FINACLE,2023-04-05
ACC200002,CUST100002,CUST100002,,,CIF500002,272121093022,IN92BANK272121093022,272121093022,86-70-47,135046782,EXBKINBB002,GL100001,CUR001,Current Classic,Deposits,CURRENT,RETAIL_CURRENT,INR,2015-05-19,2015-05-20,,ACTIVE,PERIODIC_REVIEW,,N,N,N,Y,50000,35142.23,35513.38,35473.23,35262.63,250.75,120.4,80.25,88.78,3.25,FLOATING,AVERAGE_BALANCE,QUARTERLY,5000,34986.05,2026-03-13,2026-04-12,QUARTERLY,002,Bengaluru Central,India,India,MOBILE_APP,DEPOSIT_SYSTEM,RM1002,Vivek Menon,Salary credits,N,N,N,N,N,N,N,N,COMPLETED,LOW,CLEAR,N,Y,Current Diya,Y,1,N,Y,1,N,Y,Y,N,N,Y,N,N,,,,0,,Sanjay Kapoor,BROTHER,1976-07-10,2,2026-03-22,2026-03-22,2026-03-22,4,2,4938.0,25736.66,313.89,2026-03-21,PP200,Gold,2024-03-09 10:00:00,2026-03-09 16:30:00,BATCH_20260324_001,2026-03-24,account_raw_20260324_part01.csv,aa6f963728edce481a079b7ef4065a90f873b2f1,VALID,N,FLEXCUBE,2023-05-06
ACC200003,CUST100003,CUST100003,,,CIF500003,258169176459,IN93BANK258169176459,258169176459,49-86-82,409893263,EXBKINBB003,GL100002,SAL001,Salary Advantage,Deposits,SAVINGS,SALARY,INR,2016-06-20,2016-06-21,,ACTIVE,,,N,N,N,N,0,55614.75,56357.05,56276.75,55855.55,501.5,240.8,160.5,140.89,3.75,FIXED,DAILY_PRODUCT,HALF_YEARLY,1000,50708.77,2026-03-12,2026-04-11,MONTHLY,003,Delhi Connaught,India,India,VIDEO_KYC,CORE_BANKING,RM1003,Ritika Shah,Daily expenses,Y,Y,N,N,N,N,N,N,REFRESH_DUE,MEDIUM,CLEAR,N,Y,Salary Rohan,Y,1,Y,Y,1,Y,Y,Y,Y,Y,Y,N,N,,,,0,,Dev Reddy,SISTER,1977-08-11,3,2026-03-21,2026-03-21,2026-03-21,5,3,4917.67,60363.01,504.55,2026-03-20,PP300,Platinum,2024-03-17 10:00:00,2026-03-08 16:30:00,BATCH_20260324_001,2026-03-24,account_raw_20260324_part01.csv,87153858ad97a6cdc69272a3071b86d1a33d2233,VALID,N,FLEXCUBE,2023-06-07
ACC200004,CUST100004,CUST100004,,,CIF500004,198895336689,IN94BANK198895336689,198895336689,83-85-12,921155204,EXBKINBB004,GL100003,NRI001,NRI Flexi,Deposits,SAVINGS,NRE,INR,2017-07-21,2017-07-22,,DORMANT,SYSTEM_HOLD,,Y,N,N,N,0,40531.17,41644.62,41283.42,40892.37,752.25,361.2,0.0,104.11,4.25,FLOATING,AVERAGE_BALANCE,MONTHLY,1000,43822.2,2026-03-11,2026-04-10,QUARTERLY,004,Hyderabad Jubilee,India,India,RM_DESK,CORE_BANKING,RM1004,Sandeep Iyer,Emergency fund,N,N,N,N,N,N,N,N,PENDING_REVIEW,HIGH,REVIEW_REQUIRED,N,Y,NRI Sneha,Y,1,Y,Y,1,Y,Y,Y,Y,Y,Y,Y,Y,ACC200005,,,0,,Sanjay Khanna,BROTHER,1978-09-12,1,2026-03-20,2026-03-20,2026-03-20,6,4,24578.01,85801.46,599.18,2026-03-19,PP100,Standard,2024-03-25 10:00:00,2026-03-07 16:30:00,BATCH_20260324_001,2026-03-24,account_raw_20260324_part01.csv,03243ca9db44618bad6c3f0ccfe778b34eaacbc6,VALID,N,FLEXCUBE,2023-07-08
ACC200005,CUST100005,CUST100005,,,CIF500005,214547351220,IN95BANK214547351220,214547351220,98-73-46,811443654,EXBKINBB005,GL100004,FDLNK,Linked Deposit,Deposits,TERM_DEPOSIT,FD_LINKED,INR,2018-08-22,2018-08-23,2021-03-19,CLOSED,,CUSTOMER_REQUEST,N,N,Y,N,0,64807.07,65288.67,64887.32,65288.67,0.0,481.6,80.25,163.22,4.75,FIXED,DAILY_PRODUCT,QUARTERLY,5000,61955.1,2026-03-10,2026-04-09,MONTHLY,005,Chennai T Nagar,India,India,BRANCH,CORE_BANKING,RM1005,Lakshmi Nair,Family savings,N,N,N,Y,N,N,N,N,COMPLETED,LOW,CLEAR,N,N,Linked Vikram,Y,1,Y,N,0,N,Y,N,Y,Y,Y,N,N,,,,2500,CARD_DISPUTE_HOLD,Nikhil Sharma,SISTER,1979-10-13,2,2026-03-19,2026-03-19,2026-03-19,7,1,16783.35,6897.14,720.28,2026-03-18,PP200,Gold,2024-04-02 10:00:00,2026-03-06 16:30:00,BATCH_20260324_001,2026-03-24,account_raw_20260324_part01.csv,7e10c08c4661558cc0c6bf17fffbd0f1e85847c0,VALID,N,FINACLE,2023-08-09
ACC200006,CUST100006,CUST100006,,,CIF500006,648709745211,IN96BANK648709745211,648709745211,36-44-80,240674381,EXBKINBB001,GL100005,SAV001,Savings Plus,Deposits,SAVINGS,RETAIL_SAVINGS,INR,2019-09-23,2019-09-24,,FROZEN,SYSTEM_HOLD,,N,Y,N,N,0,84376.29,84627.04,84787.54,84376.29,250.75,0.0,160.5,211.57,2.75,FLOATING,AVERAGE_BALANCE,HALF_YEARLY,1000,91227.71,2026-03-09,2026-04-08,QUARTERLY,001,Mumbai Main,India,India,MOBILE_APP,DEPOSIT_SYSTEM,RM1001,Anita Rao,Personal banking,N,N,N,N,N,N,N,N,COMPLETED,LOW,CLEAR,N,Y,Savings Ananya,N,1,N,Y,1,Y,Y,Y,Y,N,Y,N,N,,,FD70005,0,,Ananya Nair,SISTER,1980-11-14,3,2026-03-18,2026-03-18,2026-03-18,8,2,7166.48,38559.35,397.17,2026-03-17,PP300,Platinum,2024-04-10 10:00:00,2026-03-05 16:30:00,BATCH_20260324_001,2026-03-24,account_raw_20260324_part01.csv,b888799c6cebeb4b9fd77b7a3eafa0c8ee9210a6,VALID,N,LEGACY_CBS,2023-09-10
ACC200007,CUST100007,CUST100007,CUST100008,,CIF500007,809174117091,IN97BANK809174117091,809174117091,47-75-44,546129354,EXBKINBB002,GL100006,CUR001,Current Classic,Deposits,CURRENT,RETAIL_CURRENT,INR,2020-10-24,2020-10-25,,ACTIVE,,,N,N,N,Y,50000,69538.82,70160.72,70040.32,69659.22,501.5,120.4,0.0,175.4,3.25,FIXED,DAILY_PRODUCT,MONTHLY,5000,70126.53,2026-03-08,2026-04-07,MONTHLY,002,Bengaluru Central,India,India,VIDEO_KYC,DEPOSIT_SYSTEM,RM1002,Vivek Menon,Salary credits,N,N,N,N,N,N,N,N,REFRESH_DUE,MEDIUM,CLEAR,N,Y,Current Kabir,Y,1,N,Y,1,N,Y,Y,Y,Y,Y,N,N,,,,0,,Vikram Reddy,MOTHER,1981-12-15,1,2026-03-17,2026-03-17,2026-03-17,9,3,30946.16,104713.3,523.86,2026-03-16,PP100,Standard,2024-04-18 10:00:00,2026-03-04 16:30:00,BATCH_20260324_001,2026-03-24,account_raw_20260324_part01.csv,14c76ba550ae418c1adeba10cc9ef929eb3718fe,VALID,N,FINACLE,2023-04-11
ACC200008,CUST100008,CUST100008,,,CIF500008,409248663017,IN98BANK409248663017,409248663017,84-94-72,259553112,EXBKINBB003,GL100007,SAL001,Salary Advantage,Deposits,SAVINGS,SALARY,INR,2021-11-25,2021-11-26,,ACTIVE,,,N,N,N,N,0,89137.2,90130.25,89969.7,89378.0,752.25,240.8,80.25,225.33,3.75,FLOATING,AVERAGE_BALANCE,QUARTERLY,1000,99255.29,2026-03-07,2026-04-06,QUARTERLY,003,Delhi Connaught,India,India,RM_DESK,DEPOSIT_SYSTEM,RM1003,Ritika Shah,Daily expenses,Y,Y,N,N,N,N,N,N,PENDING_REVIEW,HIGH,REVIEW_REQUIRED,N,N,Salary Meera,Y,2,N,Y,1,Y,Y,Y,Y,Y,Y,N,N,,,,0,,Kabir Joshi,SISTER,1982-01-16,2,2026-03-16,2026-03-16,2026-03-16,3,4,6398.86,139841.82,601.85,2026-03-15,PP200,Gold,2024-04-26 10:00:00,2026-03-03 16:30:00,BATCH_20260324_001,2026-03-24,account_raw_20260324_part01.csv,d56c5fb66992ee5bebbc0ff3cbb3ead9847a3004,VALID,N,FLEXCUBE,2023-05-12
ACC200009,CUST100009,CUST100009,,,CIF500009,622889527089,IN99BANK622889527089,622889527089,59-94-93,263321843,EXBKINBB004,GL100008,NRI001,NRI Flexi,Deposits,SAVINGS,NRE,INR,2022-12-26,2022-12-27,,ACTIVE,,,N,N,N,N,0,110164.94,110526.14,110325.44,110526.14,0.0,361.2,160.5,276.32,4.25,FIXED,DAILY_PRODUCT,HALF_YEARLY,1000,120851.79,2026-03-06,2026-04-05,MONTHLY,004,Hyderabad Jubilee,India,India,BRANCH,CORE_BANKING,RM1004,Sandeep Iyer,Emergency fund,N,N,N,N,N,N,N,Y,COMPLETED,LOW,CLEAR,N,Y,NRI Arjun,Y,1,N,Y,1,Y,Y,Y,Y,Y,Y,N,N,,LN50008,,0,,Sneha Kulkarni,BROTHER,1983-02-17,3,2026-03-15,2026-03-15,2026-03-15,4,1,3605.66,10045.44,1108.03,2026-03-14,PP300,Platinum,2024-05-04 10:00:00,2026-03-02 16:30:00,BATCH_20260324_001,2026-03-24,account_raw_20260324_part01.csv,628a0f1ecb8777198a43189ac17a1a3e78afe823,VALID,N,LEGACY_CBS,2023-06-13
ACC200010,CUST100010,CUST100010,,,CIF500010,615717460412,IN100BANK615717460412,615717460412,89-98-60,797756796,EXBKINBB005,GL100009,FDLNK,Linked Deposit,Deposits,TERM_DEPOSIT,FD_LINKED,INR,2023-01-27,2023-01-28,,DORMANT,CUSTOMER_REQUEST,,Y,N,N,N,0,94675.28,95407.63,94926.03,95156.88,250.75,481.6,0.0,238.52,4.75,FLOATING,AVERAGE_BALANCE,MONTHLY,5000,88682.04,2026-03-05,2026-04-04,QUARTERLY,005,Chennai T Nagar,India,India,MOBILE_APP,DEPOSIT_SYSTEM,RM1005,Lakshmi Nair,Family savings,N,N,N,Y,N,N,N,N,COMPLETED,LOW,CLEAR,N,Y,Linked Priya,N,1,N,N,0,N,Y,Y,Y,Y,N,Y,Y,ACC200011,,,0,,Pooja Menon,SPOUSE,1984-03-18,1,2026-03-14,2026-03-23,2026-03-23,5,2,14592.45,26433.92,902.84,2026-03-13,PP100,Standard,2024-05-12 10:00:00,2026-03-01 16:30:00,BATCH_20260324_001,2026-03-24,account_raw_20260324_part01.csv,79934a77341ad3b9b1842e801f2c18a4803c98d5,VALID,N,FLEXCUBE,2023-07-14
ACC200011,CUST100011,CUST100011,,,CIF500011,353392014891,IN101BANK353392014891,353392014891,22-91-22,576396216,EXBKINBB001,GL100010,SAV001,Savings Plus,Deposits,SAVINGS,RETAIL_SAVINGS,INR,2014-02-28,2014-03-01,2016-11-24,CLOSED,PERIODIC_REVIEW,CUSTOMER_REQUEST,N,N,N,N,0,115232.33,115733.83,115814.08,115232.33,501.5,0.0,80.25,289.33,2.75,FIXED,DAILY_PRODUCT,QUARTERLY,1000,113441.31,2026-03-04,2026-04-03,MONTHLY,001,Mumbai Main,India,India,VIDEO_KYC,DEPOSIT_SYSTEM,RM1001,Anita Rao,Personal banking,N,N,N,N,N,N,N,N,REFRESH_DUE,MEDIUM,CLEAR,N,N,Savings Rahul,N,1,Y,Y,1,Y,Y,Y,Y,Y,Y,N,N,,,FD70010,0,,Vikram Joshi,SISTER,1985-04-19,2,2026-03-13,2026-03-22,2026-03-22,6,3,13382.24,86589.04,348.06,2026-03-12,PP200,Gold,2024-05-20 10:00:00,2026-02-28 16:30:00,BATCH_20260324_001,2026-03-24,account_raw_20260324_part01.csv,d4725f4ceecfd3d8f944feb348952d95461503a2,VALID,N,LEGACY_CBS,2023-08-15
ACC200012,CUST100012,CUST100012,,,CIF500012,770354064649,IN102BANK770354064649,770354064649,40-73-84,253671484,EXBKINBB002,GL100011,CUR001,Current Classic,Deposits,CURRENT,RETAIL_CURRENT,INR,2015-03-29,2015-03-30,,FROZEN,PERIODIC_REVIEW,,N,Y,Y,Y,50000,135981.55,136854.2,136894.3,136101.95,752.25,120.4,160.5,342.14,3.25,FLOATING,AVERAGE_BALANCE,HALF_YEARLY,5000,141769.06,2026-03-03,2026-04-02,QUARTERLY,002,Bengaluru Central,India,India,RM_DESK,DEPOSIT_SYSTEM,RM1002,Vivek Menon,Salary credits,N,N,N,N,N,N,N,N,PENDING_REVIEW,HIGH,REVIEW_REQUIRED,N,N,Current Isha,Y,1,N,Y,1,N,Y,Y,Y,Y,Y,N,N,,,,2500,CARD_DISPUTE_HOLD,Priya Menon,FATHER,1986-05-20,3,2026-03-12,2026-03-21,2026-03-21,7,4,7682.06,152332.99,1236.42,2026-03-11,PP300,Platinum,2024-05-28 10:00:00,2026-02-27 16:30:00,BATCH_20260324_001,2026-03-24,account_raw_20260324_part01.csv,db19bdec3a7bfd17049800735982a29d1ced2d78,WARN,N,FLEXCUBE,2023-09-16
ACC200013,CUST100013,CUST100013,CUST100014,,CIF500013,857736637113,IN103BANK857736637113,857736637113,35-59-71,214518079,EXBKINBB003,GL100012,SAL001,Salary Advantage,Deposits,SAVINGS,SALARY,INR,2016-04-30,2016-05-01,,ACTIVE,PERIODIC_REVIEW,,N,N,N,N,0,118009.69,118250.49,118009.69,118250.49,0.0,240.8,0.0,295.63,3.75,FIXED,DAILY_PRODUCT,MONTHLY,1000,130500.2,2026-03-02,2026-04-01,MONTHLY,003,Delhi Connaught,India,India,BRANCH,DEPOSIT_SYSTEM,RM1003,Ritika Shah,Daily expenses,Y,Y,N,N,N,N,N,N,COMPLETED,LOW,CLEAR,N,Y,Salary Karan,Y,1,N,Y,1,Y,N,Y,N,N,N,N,N,,,,0,,Karan Verma,SPOUSE,1987-06-21,1,2026-03-23,2026-03-20,2026-03-23,8,1,21966.9,29002.98,969.14,2026-03-10,PP100,Standard,2024-06-05 10:00:00,2026-03-10 16:30:00,BATCH_20260324_001,2026-03-24,account_raw_20260324_part01.csv,90a392f8c3ac3a12484140175c89571508f3e5c6,VALID,N,LEGACY_CBS,2023-04-17
ACC200014,CUST100014,CUST100014,,,CIF500014,769631000910,IN104BANK769631000910,769631000910,46-39-87,961067882,EXBKINBB004,GL100013,NRI001,NRI Flexi,Deposits,SAVINGS,NRE,INR,2017-05-31,2017-06-01,,ACTIVE,SYSTEM_HOLD,,N,N,N,N,0,140613.91,141225.86,140944.91,140975.11,250.75,361.2,80.25,353.06,4.25,FLOATING,AVERAGE_BALANCE,QUARTERLY,1000,155327.5,2026-03-01,2026-03-31,QUARTERLY,004,Hyderabad Jubilee,India,India,MOBILE_APP,CORE_BANKING,RM1004,Sandeep Iyer,Emergency fund,N,N,N,N,N,N,N,N,COMPLETED,LOW,CLEAR,N,Y,NRI Neha,Y,1,N,Y,1,Y,Y,Y,Y,Y,Y,N,N,,,,0,,Vikram Gupta,SPOUSE,1988-07-22,2,2026-03-22,2026-03-19,2026-03-22,9,2,16964.33,40857.62,787.53,2026-03-09,PP200,Gold,2024-06-13 10:00:00,2026-03-09 16:30:00,BATCH_20260324_001,2026-03-24,account_raw_20260324_part01.csv,477bf65770145d85ff17029c03e5bd804c892a68,VALID,N,FINACLE,2023-05-18
ACC200015,CUST100015,CUST100015,,,CIF500015,199348657231,IN105BANK199348657231,199348657231,63-32-35,241905500,EXBKINBB005,GL100014,FDLNK,Linked Deposit,Deposits,TERM_DEPOSIT,FD_LINKED,INR,2018-07-02,2018-07-03,,ACTIVE,SYSTEM_HOLD,,N,N,N,N,0,161565.04,162548.14,162227.04,162046.64,501.5,481.6,160.5,406.37,4.75,FIXED,DAILY_PRODUCT,HALF_YEARLY,5000,154098.19,2026-02-28,2026-03-30,MONTHLY,005,Chennai T Nagar,India,India,VIDEO_KYC,DEPOSIT_SYSTEM,RM1005,Lakshmi Nair,Family savings,N,N,N,Y,N,N,N,Y,REFRESH_DUE,MEDIUM,CLEAR,N,Y,Linked Dev,Y,2,Y,N,0,N,Y,Y,Y,Y,Y,N,N,,,,0,,Rahul Gupta,BROTHER,1989-08-23,3,2026-03-21,2026-03-18,2026-03-21,3,3,12227.08,29779.49,1213.15,2026-03-08,PP300,Platinum,2024-06-21 10:00:00,2026-03-08 16:30:00,BATCH_20260324_001,2026-03-24,account_raw_20260324_part01.csv,bdf3770dac51fbb5f43381eca8fb1750ca0c8c44,VALID,N,FINACLE,2023-06-19
ACC200016,CUST100016,CUST100016,,,CIF500016,841844861994,IN106BANK841844861994,841844861994,81-56-21,948988297,EXBKINBB001,GL100015,SAV001,Savings Plus,Deposits,SAVINGS,RETAIL_SAVINGS,GBP,2019-08-02,2019-08-03,,DORMANT,,,Y,N,N,N,0,146647.46,147399.71,147399.71,146647.46,752.25,0.0,0.0,368.5,2.75,FLOATING,AVERAGE_BALANCE,MONTHLY,1000,168062.34,2026-02-27,2026-03-29,QUARTERLY,001,Mumbai Main,India,India,RM_DESK,CORE_BANKING,RM1001,Anita Rao,Personal banking,N,N,N,N,N,N,N,N,PENDING_REVIEW,HIGH,REVIEW_REQUIRED,N,Y,Savings Pooja,Y,1,Y,Y,1,Y,Y,Y,Y,Y,Y,Y,Y,ACC200017,,FD70015,0,,Karan Chopra,SPOUSE,1990-09-24,1,2026-03-20,2026-03-17,2026-03-20,4,4,12442.81,86006.76,831.5,2026-03-07,PP100,Standard,2024-06-29 10:00:00,2026-03-07 16:30:00,BATCH_20260324_001,2026-03-24,account_raw_20260324_part01.csv,55b3c0c42e12353d39a0d5dc030f6a7983cfb07c,VALID,N,FINACLE,2023-07-20
ACC200017,CUST100017,CUST100017,,,CIF500017,343138451678,IN107BANK343138451678,343138451678,69-99-48,797115550,EXBKINBB002,GL100016,CUR001,Current Classic,Deposits,CURRENT,RETAIL_CURRENT,INR,2020-09-03,2020-09-04,2023-07-30,CLOSED,,CUSTOMER_REQUEST,N,N,N,Y,50000,166117.86,166238.26,166198.11,166238.26,0.0,120.4,80.25,415.6,3.25,FIXED,DAILY_PRODUCT,QUARTERLY,5000,172991.05,2026-02-26,2026-03-28,MONTHLY,002,Bengaluru Central,India,India,BRANCH,CORE_BANKING,RM1002,Vivek Menon,Salary credits,N,N,N,N,N,N,N,N,COMPLETED,LOW,CLEAR,N,N,Current Nikhil,Y,1,N,Y,1,N,Y,Y,Y,Y,Y,N,N,,LN50016,,0,,Asha Mehta,BROTHER,1991-10-25,2,2026-03-19,2026-03-16,2026-03-19,5,1,11848.53,28467.02,967.45,2026-03-06,PP200,Gold,2024-07-07 10:00:00,2026-03-06 16:30:00,BATCH_20260324_001,2026-03-24,account_raw_20260324_part01.csv,3fa5ee1a5098271a8bf9ecb07ed7dd8f6acdac23,VALID,N,FINACLE,2023-08-21
ACC200018,CUST100018,CUST100018,,,CIF500018,746045230097,IN108BANK746045230097,746045230097,63-93-22,995171130,EXBKINBB003,GL100017,SAL001,Salary Advantage,Deposits,SAVINGS,SALARY,USD,2021-10-05,2021-10-06,,FROZEN,,,N,Y,N,N,0,186719.8,187211.35,187131.05,186960.6,250.75,240.8,160.5,468.03,3.75,FLOATING,AVERAGE_BALANCE,HALF_YEARLY,1000,167808.18,2026-02-25,2026-03-27,QUARTERLY,003,Delhi Connaught,India,India,MOBILE_APP,DEPOSIT_SYSTEM,RM1003,Ritika Shah,Daily expenses,Y,Y,N,N,N,N,N,N,COMPLETED,LOW,CLEAR,N,Y,Salary Asha,N,1,Y,Y,1,Y,Y,Y,Y,Y,N,N,N,,,,0,,Meera Chopra,SPOUSE,1992-11-26,3,2026-03-18,2026-03-15,2026-03-18,6,2,24816.65,35713.45,1141.87,2026-03-05,PP300,Platinum,2024-07-15 10:00:00,2026-03-05 16:30:00,BATCH_20260324_001,2026-03-24,account_raw_20260324_part01.csv,137ff46d202280f5a10950cd109fb214ff430415,WARN,N,FINACLE,2023-09-22
ACC200019,CUST100019,CUST100019,CUST100020,,CIF500019,165965001880,IN109BANK165965001880,165965001880,25-68-21,811642514,EXBKINBB004,GL100018,NRI001,NRI Flexi,Deposits,SAVINGS,NRE,EUR,2022-11-05,2022-11-06,,ACTIVE,PERIODIC_REVIEW,,N,N,N,N,0,169128.0,169990.7,169629.5,169489.2,501.5,361.2,0.0,424.98,4.25,FIXED,DAILY_PRODUCT,MONTHLY,1000,154171.8,2026-02-24,2026-03-26,MONTHLY,004,Hyderabad Jubilee,India,India,VIDEO_KYC,CORE_BANKING,RM1004,Sandeep Iyer,Emergency fund,N,N,N,N,N,N,N,N,REFRESH_DUE,MEDIUM,CLEAR,N,N,NRI Sanjay,Y,1,Y,Y,1,Y,N,Y,Y,Y,Y,N,N,,,,0,,Asha Kapoor,SISTER,1993-12-27,1,2026-03-17,2026-03-23,2026-03-23,7,3,11014.06,106318.02,511.42,2026-03-04,PP100,Standard,2024-07-23 10:00:00,2026-03-04 16:30:00,BATCH_20260324_001,2026-03-24,account_raw_20260324_part01.csv,0211a562670a1b0d19fee9b14dd7ac8422450578,VALID,N,LEGACY_CBS,2023-04-23
ACC200020,CUST100020,CUST100020,,,CIF500020,102559721644,IN110BANK102559721644,102559721644,26-79-42,957397689,EXBKINBB005,GL100019,FDLNK,Linked Deposit,Deposits,TERM_DEPOSIT,FD_LINKED,GBP,2023-12-07,2023-12-08,,ACTIVE,PERIODIC_REVIEW,,N,N,N,N,0,188652.52,189886.37,189485.02,189134.12,752.25,481.6,80.25,474.72,4.75,FLOATING,AVERAGE_BALANCE,QUARTERLY,5000,217459.47,2026-02-23,2026-03-25,QUARTERLY,005,Chennai T Nagar,India,India,RM_DESK,CORE_BANKING,RM1005,Lakshmi Nair,Family savings,N,N,N,Y,N,N,N,N,PENDING_REVIEW,HIGH,REVIEW_REQUIRED,N,Y,Linked Kavya,Y,1,Y,N,0,N,Y,Y,Y,Y,Y,N,N,,,,0,,Rahul Sharma,FATHER,1994-01-01,2,2026-03-16,2026-03-22,2026-03-22,8,4,13911.85,37746.2,613.06,2026-03-03,PP200,Gold,2024-07-31 10:00:00,2026-03-03 16:30:00,BATCH_20260324_001,2026-03-24,account_raw_20260324_part01.csv,491837492b5d374382e21ceb10c97ea00d4f3caa,VALID,N,LEGACY_CBS,2023-05-24
